idx,generated_text,wassa_essay_empathy
hit:0_conv:0_turn:2_trg:0," Oh my goodness, that sounds like a truly terrifying experience! ğŸ˜± I can only imagine how scary it must have been to have someone almost run you off the road. ğŸ˜¨ It's so frustrating when others are careless and put others at risk, especially when it could have been avoided. ğŸ˜¤ Did you ever get a chance to talk to them about what happened and how it made you feel? ï¿½ï¿½",2.0384178161621094
hit:0_conv:0_turn:4_trg:0," Oh my goodness, that sounds like a terrifying experience! ğŸ˜¨ I can imagine how scary it must have been, and how angry you must have felt when you found out they were drunk and almost ran you off the road. ğŸ˜¤ It's completely understandable that you felt guilty, but it's important to remember that it wasn't your fault. ğŸ™ It's important to prioritize your own safety",2.753537654876709
hit:0_conv:1_turn:2_trg:0,"ğŸ˜Š Oh my, that sounds like an incredibly special memory! It's amazing how experiences like that can create such a strong bond between friends. It's like the whole world fades away and all that matters is the present moment, right? ğŸ˜Š Did you feel like you could just be yourselves and let go of any worries or stress?",3.060662269592285
hit:0_conv:1_turn:4_trg:0," Oh my, it sounds like you had a truly special experience with your best friend! It's so wonderful that you have such a strong bond with her. It's easy to see why you miss her, given how much that moment meant to you both. ğŸ˜Š",1.6504689455032349
hit:0_conv:1_turn:6_trg:0,"ğŸ¤— Oh my, that sounds like a truly special memory with your best friend! ğŸ˜Š It's so wonderful that you have that experience to look back on and cherish. ğŸ’• It can be tough when friendships change or drift apart, but it's important to hold onto the good memories and the love that you shared. ğŸ’• Is there anything you'd like to talk about or any way I can",2.299206018447876
hit:10000_conv:20000_turn:2_trg:0,"ğŸ˜Š Oh my gosh, that's so exciting! A pet toad, how cool is that?! ğŸ¸ğŸ¶ I can just imagine the two of you cuddling with your new little amphibian friend. Did she choose the perfect toad for you, or did you have a say in the matter? ğŸ˜„",2.4357967376708984
hit:10000_conv:20000_turn:4_trg:0,"ğŸ˜Š Oh my gosh, that's so exciting! It sounds like you're absolutely thrilled with your new pet toad! *giggle* I can just imagine how cute and funny it must be to have a little amphibian buddy hopping around. Did your girlfriend choose the perfect toad for you, or did you have a say in the selection process? ğŸ¸ğŸ°",2.1499905586242676
hit:10001_conv:20002_turn:4_trg:0," <listener> Aw, that sounds tough. It can be really tough to feel like you're the only one having fun when everyone else seems to be having a good time. But hey, at least you had the chance to show off your skating skills and enjoy the music, right? Maybe next time you can find some new friends to join you! ğŸ˜Š</listener>",1.4765080213546753
hit:10001_conv:20003_turn:2_trg:0," Oh no, that sounds incredibly frustrating and disruptive! ğŸ˜” It's understandable that the constant noise from your upstairs neighbors would make it difficult for you to get a good night's sleep. Have you tried talking to them about the issue and see if there's a way to resolve it? Sometimes, people may not be aware of the noise they're making and would be willing to make adjustments once they know how it'",2.020845413208008
hit:10002_conv:20004_turn:4_trg:0," Oh my goodness, it sounds like you're feeling really guilty about not helping that beggar when you had the opportunity to do so. It can be really tough to balance our own needs and responsibilities with helping others, especially when we're in a hurry. It's understandable that you didn't stop to help, but it's great that you're acknowledging your feelings about it now. Can you tell me a little more about why you think",1.7866766452789307
hit:10002_conv:20005_turn:2_trg:0," Oh no! ğŸ˜± It sounds like you may have gotten yourself into a bit of a sticky situation! ğŸ˜³ Eating your co-worker's cake without their permission can be a pretty serious offense, especially if it was something special or meaningful to them. ğŸ˜”

I can imagine how guilty you must feel right now. It's important to remember that honesty is always the best policy, especially in situations",1.9292681217193604
hit:10002_conv:20005_turn:4_trg:0,"ğŸ˜‚ Oh no! It sounds like you got caught with your hand in the proverbial cake jar! ğŸ°ğŸ˜³ Did you mean to eat your co-worker's cake, or was it a case of mistaken identity? Either way, it's understandable to get a little peckish in the office, especially when there's tasty treats lying around. ğŸ˜… But maybe next time, you",1.676347017288208
hit:10003_conv:20007_turn:2_trg:0,"ğŸ˜Š Oh my gosh, that sounds so exciting! ğŸš—ğŸ’¨ I can imagine how much you must be looking forward to treating yourself to a brand new set of wheels! ğŸ˜ Have you been eyeing any particular model or type of car? ğŸ¤” I hope you get the bonus you're expecting and can make your dream a reality! ğŸ’ª",2.107903003692627
hit:10004_conv:20008_turn:2_trg:0,"ğŸ Oh my gosh, that's so sweet of your little cousin to gift you for your birthday! ğŸ‰ What an amazing present! *beams with excitement* Did they choose something special for you? ğŸ¤” I bet it's something you've been wanting for a long time! ğŸ˜„",2.260018825531006
hit:10004_conv:20009_turn:4_trg:0," <speaker> Oh my gosh, you studied so hard! I can feel your determination and confidence through the screen! I'm sure you're going to ace that exam tomorrow! You've got this! ğŸ˜Š</speaker>",2.7056877613067627
hit:10005_conv:20010_turn:4_trg:0,"
    <speaker> That's great to hear! It's always a good feeling to be happy with your current employer and content with your job. It sounds like you have a positive work environment and opportunities for growth. Would you like to share more about what makes your current employer stand out to you?</speaker>",1.8058955669403076
hit:10005_conv:20011_turn:2_trg:0," Oh no, that sounds really frustrating! ğŸ˜  I can imagine how disappointing it must be to have your flight cancelled, especially if you were looking forward to your trip. ğŸ˜” Can you tell me a little bit more about what happened? Did the airline give you any information about why the flight was cancelled or what your options are? ğŸ¤”",1.9342420101165771
hit:10006_conv:20012_turn:4_trg:0," Oh no, that sounds incredibly stressful and overwhelming! Losing your job and struggling to pay your mortgage can be a huge burden. It's completely understandable that you're feeling anxious about potentially losing your home. Have you considered reaching out to your mortgage lender to see if they can offer any assistance or alternative payment plans? Sometimes they may have options available that can help you stay in your home. Additionally, have you looked into local resources",3.442166328430176
hit:10007_conv:20014_turn:2_trg:0,"ğŸ˜Š Oh my, that's so cool! ğŸ“šğŸ’­ It's amazing how old memories can be unearthed and bring back a flood of emotions, isn't it? ğŸ˜Š What kind of memories did your diary bring back? Did you find any particularly significant or funny entries? ğŸ¤”",1.9598747491836548
hit:10007_conv:20014_turn:4_trg:0,"ğŸ˜Š Oh my gosh, that's so sweet! Reading your first love letter again must have brought back a flood of memories and emotions. It's amazing how something as simple as a letter can evoke such powerful feelings. Do you remember the feeling of receiving that letter for the first time? ğŸ˜",1.9388779401779175
hit:10008_conv:20016_turn:2_trg:0," Oh no, it sounds like you're feeling really overwhelmed with what's coming up this weekend. ğŸ˜” Can you tell me a bit more about what's causing you so much stress? Maybe I can offer some support or advice to help make things feel a bit more manageable. ğŸ¤—",1.356377124786377
hit:10008_conv:20016_turn:4_trg:0," Oh no, it sounds like you're dreading your long drive this weekend! ğŸ˜“ Long drives can be such a drag, especially if you're not a big fan of driving. Do you have any particular concerns or stressors that are making you feel this way? Maybe we can brainstorm some ways to make the drive more enjoyable or at least, more bearable. ğŸ˜Š",2.3851096630096436
hit:10008_conv:20017_turn:4_trg:0," Oh no! Forgetting your money at home can be so frustrating, especially when you have a long drive ahead. It sounds like you're feeling really upset about it. ğŸ˜” Would you like to talk about why this is such a big deal for you? Maybe there's a way to make it work without having to go back. ğŸ¤”",2.6856539249420166
hit:10009_conv:20018_turn:2_trg:0," Oh no, it sounds like you're having a tough time with your brother. That can be so frustrating and upsetting. Can you tell me a little bit more about what's going on and how you're feeling? ğŸ˜”",1.74178147315979
hit:10009_conv:20018_turn:2_trg:1,"ğŸ˜” Oh no, it sounds like you're really upset with your brother. Can you tell me what happened? ğŸ˜ Maybe I can help you figure out what's going on and offer some support.",1.3752028942108154
hit:10009_conv:20018_turn:4_trg:0," Oh no, that sounds really frustrating and hurtful! ğŸ˜” It's understandable that you're feeling mad at your brother. It's important to remember that it's not okay for someone to take your things without your permission, especially if it's something as important as money. ğŸ’° Have you talked to your brother about how you feel? It might help to express your emotions and see if you can come to a resolution.",2.2126381397247314
hit:10009_conv:20019_turn:2_trg:0,"ğŸ˜Š Oh my gosh, that sounds so exciting! *giggle* I can tell you're feeling really happy about it. Are you nervous at all, or is it just anticipation? ğŸ˜Š",1.310705304145813
hit:10009_conv:20019_turn:4_trg:0,"ğŸ˜Š Oh wow, a hot date, how exciting! I can tell you're feeling a bit nervous, but also thrilled about the possibility of a new connection. It's completely normal to feel that way before a first date, but remember, you've got this! ğŸ’ª Take a deep breath, relax, and be yourself. She's likely to be just as nervous as you, so try to make her feel comfortable too",2.7675304412841797
hit:10010_conv:20020_turn:2_trg:0," Oh my, that sounds incredibly frustrating! ğŸ˜” Can you tell me a bit more about what's been happening? Have you been able to speak with anyone at the bank to try and resolve the issue? ğŸ¤”",1.7832469940185547
hit:10010_conv:20020_turn:4_trg:0,"
    Oh no, that sounds incredibly frustrating! ğŸ˜” It's understandable that you'd want to be reachable in case something important comes up, but it's also important to set boundaries and prioritize your own time and peace of mind. ğŸ¤”

Have you considered talking to your bank and asking them to reduce the frequency of their calls? Maybe there's a way to set up a schedule or a specific contact",2.7245218753814697
hit:10011_conv:20022_turn:2_trg:0,"ğŸ˜Š Oh my gosh, I can totally feel your excitement for Thursday! It's so great to have something to look forward to, especially after a long week. What's so special about Thursday? Do tell! ğŸ˜„",1.8612680435180664
hit:10011_conv:20023_turn:2_trg:0," < listener> Aww, that's so sweet! It's clear how much you care for her. What is it about your wife that you love so much? Is there a specific quality or memory that stands out to you?</listener>",2.257000207901001
hit:10012_conv:20024_turn:2_trg:0," < listener> That's really gracious of you to say, especially after putting in so much effort and hard work into your training. It's understandable to feel a little disappointed with coming in third, but it's important to remember that there's always room for improvement and growth. You should be proud of yourself for pushing through and giving it your all. Is there anything you'd like to talk about or any support you need right now? </listener>",1.525831937789917
hit:10012_conv:20024_turn:4_trg:0,"
    Oh wow, a marathon! That's quite an accomplishment, coming in third place is really something to be proud of! It takes a lot of hard work and dedication to finish a marathon, let alone place that high. You must be feeling really great about yourself right now! *smiling*",1.842526912689209
hit:10012_conv:20025_turn:2_trg:0," Oh no, that sounds really frustrating! ğŸ˜” I can imagine how disruptive and stressful it must be to have noisy neighbors, especially when you're trying to get a good night's sleep. ğŸ˜´ Have you tried talking to them about the issue and see if there's anything they can do to reduce the noise? Sometimes, people might not be aware of the disturbance they're causing and a polite conversation can",2.0486996173858643
hit:10013_conv:20027_turn:2_trg:0," Oh my, that sounds really strange and unexpected! Can you tell me more about what happened? Maybe there's something I can help you make sense of it. *listening intently*",1.3307833671569824
hit:10013_conv:20027_turn:4_trg:0,"ğŸ˜± Oh my stars! ğŸ›¸ That sounds so crazy and unexpected! ğŸ˜² Are you sure it was aliens and not just a weird dream or something? ğŸ˜´ But wait, if it was really aliens, that's so cool! ğŸ˜ Did they say anything to you or just appear out of nowhere? ğŸ¤” Tell me everything! ğŸ’¬",2.1158576011657715
hit:10014_conv:20029_turn:2_trg:0,"ğŸ˜” Oh no, I'm so sorry to hear that your pet toad passed away. Losing a beloved pet can be heartbreaking. It's understandable that you're feeling sad. Would you like to talk about your favorite memories with your toad or how you're feeling right now? ğŸ¸ğŸ’”",2.5259757041931152
hit:10016_conv:20032_turn:2_trg:0,"ğŸ˜Š Oh wow, you must be really thrilled about the new Nike shoes! They do look amazing, don't they? ğŸ˜ I love how they combine style and comfort. Have you had a chance to wear them out and about yet? ğŸ˜„",1.30716073513031
hit:10016_conv:20032_turn:4_trg:0,"ğŸ‘ Oh, I totally get it! The new Nike shoes sound amazing! The comfort fit soles must be a game-changer. It's so important to have comfortable shoes, especially if you're someone who's always on the go. Do you find that they're really supportive too? ğŸ¤”",1.5933164358139038
hit:10017_conv:20034_turn:2_trg:0," Oh my goodness, it sounds like you're feeling really hurt and miss your husband so much! ğŸ˜” It's completely normal to feel this way, especially when we're apart from the people we love. Can you tell me a little bit more about what's been going on and how you've been feeling? ğŸ¤—",1.5082199573516846
hit:10017_conv:20034_turn:4_trg:0," Oh my goodness, it sounds like you're going through a tough time missing your husband! ğŸ˜” It can be so difficult when the people we love have to travel away for work or other obligations. It's understandable that you'd feel sad and miss him dearly. ğŸ’” Can you tell me a bit more about what's been the hardest part of him being away?",2.5127995014190674
hit:10018_conv:20036_turn:2_trg:0," Oh my, it sounds like you have a bit of a crush on your brother's girlfriend! It's completely normal to feel drawn to someone who is already in a relationship with someone else, especially if they are as amazing as your brother's girlfriend seems to be. It's important to remember that it's not okay to pursue a relationship with someone who is already in a committed relationship, as it can cause hurt feelings and damage to relationships. Instead,",1.4641947746276855
hit:10019_conv:20038_turn:2_trg:0," Oh no, it sounds like you're really frustrated about your window breaking! ğŸ˜  Can you tell me more about what happened? Did you accidentally break it or was it already broken when you got it? ğŸ¤” Either way, I'm here to listen and offer any help I can. ğŸ’¡",1.3984732627868652
hit:10019_conv:20038_turn:4_trg:0," Oh no! ğŸ˜” That must have been such a frustrating and unexpected experience! ğŸ˜  Can I offer you a virtual hug? ğŸ¤— It's understandable to feel upset when something like that happens, especially if it was a beautiful window. ğŸ’” Do you want to talk about what you're feeling? Sometimes it can help to share our emotions with someone who cares. ğŸ’¬",2.615654468536377
hit:10019_conv:20039_turn:2_trg:0,"ğŸ˜Š Oh my gosh, that's so cool! ğŸ¾ Watching Wimbledon on TV for the first time can be such an exciting experience, especially with all those talented tennis players! ğŸ¤© Did you have a favorite player or moment that stood out to you? ğŸ˜ƒ",1.9356892108917236
hit:1001_conv:2002_turn:2_trg:0,"ğŸ˜®ğŸ‰ Congratulations, <speaker>! ğŸ‰ğŸ˜® That's amazing news! You must be thrilled to have won the lottery and never have to work again! ğŸ˜Š What are your plans now? Are you going to travel, indulge in your hobbies, or give back to the community? The possibilities are endless! ğŸ˜„",2.643852710723877
hit:1001_conv:2002_turn:2_trg:1,"ğŸ˜®ğŸ‰ Wow, that's amazing news! Congratulations on winning the lottery! ğŸˆ You must be feeling so relieved and excited to have the financial freedom to pursue your dreams. What are your plans now? ğŸ¤” Do you have any big ideas or goals that you've been wanting to achieve? ğŸ’¥",1.9903734922409058
hit:10020_conv:20040_turn:2_trg:0,"ğŸ˜Š Oh my gosh, that's so exciting! I can tell you're really looking forward to getting your package! It's always such a thrill to receive something you've been waiting for, especially if it's something you've been eagerly anticipating. Did you order something special or fun? ğŸ¤” I hope it arrives soon and that it exceeds your expectations! ğŸ",1.698953628540039
hit:10020_conv:20040_turn:4_trg:0,"ğŸ˜Š Oh wow, you're so excited to receive your package! ğŸ It sounds like you've got a thoughtful gift for your nephew - those magnet tiles are all the rage, aren't they? ğŸ˜„ Tomorrow can't come soon enough! Have you been checking the mailbox every day? ğŸ“¨",2.21315336227417
